strategy,signal_time,entry_time,exit_time,entry_price,exit_price,sl,target,shares,pnl,exit_reason,symbol
VOLATILITY_BREAKOUT,2025-10-06 12:00:00+05:30,2025-10-07 08:00:00+05:30,2025-10-14 12:00:00+05:30,150.16,148.16,146.282,157.916,665,-1330.0,CLOSE_BELOW_EMA_FAST,IOC
VOLATILITY_BREAKOUT,2025-10-07 08:00:00+05:30,2025-10-07 12:00:00+05:30,2025-10-08 12:00:00+05:30,1369.6,1319.05,1319.05,1470.7,73,-3690.149999999997,SL,UNOMINDA
VOLATILITY_BREAKOUT,2025-10-07 12:00:00+05:30,2025-10-08 08:00:00+05:30,2025-10-13 12:00:00+05:30,9.25,8.7,8.624,10.502,10810,-5945.500000000007,CLOSE_BELOW_EMA_FAST,IDEA
VOLATILITY_BREAKOUT,2025-10-07 12:00:00+05:30,2025-10-08 08:00:00+05:30,2025-10-14 08:00:00+05:30,9270.0,9044.0,8954.55,9900.9,10,-2260.0,CLOSE_BELOW_EMA_FAST,OFSS
VWLM,2025-10-08 08:00:00+05:30,2025-10-08 12:00:00+05:30,2025-10-15 12:00:00+05:30,1096.6,1157.6799999999998,1066.06,1157.6799999999998,91,5558.279999999993,TARGET,360ONE
VOLATILITY_BREAKOUT,2025-10-08 08:00:00+05:30,2025-10-08 12:00:00+05:30,2025-10-16 08:00:00+05:30,1096.6,1178.04,1055.8799999999999,1178.04,91,7411.0400000000045,TARGET,360ONE
VOLATILITY_BREAKOUT,2025-10-09 08:00:00+05:30,2025-10-09 12:00:00+05:30,2025-10-17 12:00:00+05:30,509.3,499.0,488.135,551.63,196,-2018.8000000000022,CLOSE_BELOW_EMA_FAST,HINDZINC
VOLATILITY_BREAKOUT,2025-10-09 12:00:00+05:30,2025-10-10 08:00:00+05:30,2025-10-14 08:00:00+05:30,2335.0,2526.5800000000004,2239.21,2526.5800000000004,42,8046.360000000016,TARGET,BSE
VWLM,2025-10-09 12:00:00+05:30,2025-10-10 08:00:00+05:30,2025-10-13 12:00:00+05:30,2335.0,2478.6850000000004,2263.1575,2478.6850000000004,42,6034.770000000017,TARGET,BSE
VOLATILITY_BREAKOUT,2025-10-10 08:00:00+05:30,2025-10-10 12:00:00+05:30,2025-10-27 08:00:00+05:30,6388.5,6503.0,6166.05,6833.4,15,1717.5,CLOSE_BELOW_EMA_FAST,DIVISLAB
VOLATILITY_BREAKOUT,2025-10-10 08:00:00+05:30,2025-10-10 12:00:00+05:30,2025-10-16 08:00:00+05:30,23.91,23.153,23.153,25.424,4182,-3165.7740000000063,SL,YESBANK
VOLATILITY_BREAKOUT,2025-10-10 12:00:00+05:30,2025-10-13 08:00:00+05:30,2025-10-16 08:00:00+05:30,74.35,72.37799999999999,72.37799999999999,78.294,1344,-2650.3680000000113,SL,IDFCFIRSTB
VOLATILITY_BREAKOUT,2025-10-13 08:00:00+05:30,2025-10-13 12:00:00+05:30,2025-10-20 08:00:00+05:30,212.1,223.656,206.322,223.656,471,5442.876000000006,TARGET,FEDERALBNK
VOLATILITY_BREAKOUT,2025-10-14 12:00:00+05:30,2025-10-15 08:00:00+05:30,2025-10-27 12:00:00+05:30,452.8,486.81,435.795,486.81,220,7482.199999999998,TARGET,SONACOMS
VOLATILITY_BREAKOUT,2025-10-15 08:00:00+05:30,2025-10-15 12:00:00+05:30,2025-10-23 12:00:00+05:30,3119.4,3068.6,3037.08,3284.0400000000004,32,-1625.6000000000058,CLOSE_BELOW_EMA_FAST,SRF
VOLATILITY_BREAKOUT,2025-10-15 08:00:00+05:30,2025-10-15 12:00:00+05:30,2025-11-04 12:00:00+05:30,1687.3,1746.0,1614.1599999999999,1833.58,59,3463.300000000003,CLOSE_BELOW_EMA_FAST,PRESTIGE
VOLATILITY_BREAKOUT,2025-10-15 08:00:00+05:30,2025-10-15 12:00:00+05:30,2025-11-03 08:00:00+05:30,1758.5,1763.6,1695.14,1885.22,56,285.5999999999949,CLOSE_BELOW_EMA_FAST,COFORGE
VOLATILITY_BREAKOUT,2025-10-15 12:00:00+05:30,2025-10-16 08:00:00+05:30,2025-10-31 08:00:00+05:30,244.0,247.6,233.3,265.4,409,1472.3999999999976,CLOSE_BELOW_EMA_FAST,ANGELONE
VOLATILITY_BREAKOUT,2025-10-16 08:00:00+05:30,2025-10-16 12:00:00+05:30,2025-11-06 08:00:00+05:30,2207.3,2229.7,2131.0,2359.9,45,1007.9999999999836,CLOSE_BELOW_EMA_FAST,GODREJPROP
VOLATILITY_BREAKOUT,2025-10-16 08:00:00+05:30,2025-10-16 12:00:00+05:30,2025-10-21 12:00:00+05:30,1702.8,1644.54,1644.54,1819.3200000000002,58,-3379.0799999999995,SL,PHOENIXLTD
VOLATILITY_BREAKOUT,2025-10-16 08:00:00+05:30,2025-10-16 12:00:00+05:30,2025-10-24 08:00:00+05:30,436.0,435.3,426.8,454.4,229,-160.2999999999974,CLOSE_BELOW_EMA_FAST,KOTAKBANK
VOLATILITY_BREAKOUT,2025-10-16 08:00:00+05:30,2025-10-16 12:00:00+05:30,2025-11-04 08:00:00+05:30,5793.0,5837.5,5574.96,6229.08,17,756.5,CLOSE_BELOW_EMA_FAST,PERSISTENT
VOLATILITY_BREAKOUT,2025-10-16 08:00:00+05:30,2025-10-16 12:00:00+05:30,2025-10-28 08:00:00+05:30,2560.7,2438.4199999999996,2438.4199999999996,2805.26,39,-4768.920000000007,SL,BSE
VWLM,2025-10-16 12:00:00+05:30,2025-10-17 08:00:00+05:30,2025-10-20 12:00:00+05:30,1412.0,1395.1025,1395.1025,1445.795,70,-1182.8250000000025,SL,ICICIBANK
VWLM,2025-10-16 12:00:00+05:30,2025-10-17 08:00:00+05:30,2025-10-27 12:00:00+05:30,1448.6,1417.3174999999999,1417.3174999999999,1511.165,69,-2158.492500000002,SL,ASTRAL
VOLATILITY_BREAKOUT,2025-10-17 08:00:00+05:30,2025-10-17 12:00:00+05:30,2025-10-29 08:00:00+05:30,2023.3,2108.66,1980.62,2108.66,49,4182.639999999995,TARGET,BHARTIARTL
VOLATILITY_BREAKOUT,2025-10-17 08:00:00+05:30,2025-10-17 12:00:00+05:30,2025-10-21 12:00:00+05:30,3371.6,3279.18,3279.18,3556.4399999999996,29,-2680.180000000002,SL,MUTHOOTFIN
VOLATILITY_BREAKOUT,2025-10-17 08:00:00+05:30,2025-10-17 12:00:00+05:30,2025-10-24 08:00:00+05:30,8020.0,7842.5,7842.5,8375.0,12,-2130.0,SL,APOLLOHOSP
VOLATILITY_BREAKOUT,2025-10-17 12:00:00+05:30,2025-10-20 08:00:00+05:30,2025-10-20 08:00:00+05:30,1442.0,1417.31,1417.31,1491.38,69,-1703.6100000000038,SL,ICICIBANK
VOLATILITY_BREAKOUT,2025-10-20 08:00:00+05:30,2025-10-20 12:00:00+05:30,2025-11-10 08:00:00+05:30,860.9,917.6,832.55,917.6,116,6577.200000000005,TARGET,AUBANK
VOLATILITY_BREAKOUT,2025-10-20 08:00:00+05:30,2025-10-20 12:00:00+05:30,2025-10-31 08:00:00+05:30,75.81,80.62,73.405,80.62,1319,6344.390000000003,TARGET,IDFCFIRSTB
VOLATILITY_BREAKOUT,2025-10-20 08:00:00+05:30,2025-10-20 12:00:00+05:30,2025-10-29 08:00:00+05:30,1188.9,1145.16,1145.16,1276.38,84,-3674.1600000000008,SL,360ONE
VOLATILITY_BREAKOUT,2025-10-20 08:00:00+05:30,2025-10-20 12:00:00+05:30,2025-10-31 08:00:00+05:30,816.05,872.4,787.875,872.4,122,6874.700000000003,TARGET,INDIANB
VOLATILITY_BREAKOUT,2025-10-20 08:00:00+05:30,2025-10-20 12:00:00+05:30,2025-10-24 12:00:00+05:30,1606.8,1584.6,1568.31,1683.78,62,-1376.4000000000028,CLOSE_BELOW_EMA_FAST,CIPLA
VOLATILITY_BREAKOUT,2025-10-20 08:00:00+05:30,2025-10-20 12:00:00+05:30,2025-11-13 12:00:00+05:30,227.6,235.5,220.351,242.098,439,3468.1000000000026,CLOSE_BELOW_EMA_FAST,FEDERALBNK
VWLM,2025-10-23 08:00:00+05:30,2025-10-23 12:00:00+05:30,2025-10-27 08:00:00+05:30,469.2,458.91375,458.91375,489.7725,213,-2190.971249999999,SL,VBL
VOLATILITY_BREAKOUT,2025-10-23 08:00:00+05:30,2025-10-23 12:00:00+05:30,2025-11-06 08:00:00+05:30,154.63,150.92,148.63,166.63,646,-2396.6600000000053,CLOSE_BELOW_EMA_FAST,INOXWIND
VOLATILITY_BREAKOUT,2025-10-23 08:00:00+05:30,2025-10-23 12:00:00+05:30,2025-10-28 08:00:00+05:30,469.2,455.485,455.485,496.62999999999994,213,-2921.2949999999946,SL,VBL
VOLATILITY_BREAKOUT,2025-10-23 08:00:00+05:30,2025-10-23 12:00:00+05:30,2025-11-04 12:00:00+05:30,1542.4,1525.0,1497.4,1632.4,64,-1113.6000000000058,CLOSE_BELOW_EMA_FAST,HCLTECH
VOLATILITY_BREAKOUT,2025-10-23 08:00:00+05:30,2025-10-23 12:00:00+05:30,2025-10-31 12:00:00+05:30,714.45,754.8700000000001,694.24,754.8700000000001,139,5618.38000000001,TARGET,SHRIRAMFIN
VWLM,2025-10-23 08:00:00+05:30,2025-10-23 12:00:00+05:30,2025-11-04 08:00:00+05:30,500.75,525.0425,488.60375,525.0425,199,4834.207500000004,TARGET,KALYANKJIL
VOLATILITY_BREAKOUT,2025-10-24 08:00:00+05:30,2025-10-24 12:00:00+05:30,2025-11-04 08:00:00+05:30,237.94,232.81,229.55900000000003,254.70199999999997,420,-2154.599999999998,CLOSE_BELOW_EMA_FAST,NATIONALUM
VOLATILITY_BREAKOUT,2025-10-24 12:00:00+05:30,2025-10-27 08:00:00+05:30,2025-10-29 08:00:00+05:30,189.5,182.384,182.384,203.732,527,-3750.1320000000073,SL,SAMMAANCAP
VOLATILITY_BREAKOUT,2025-10-24 12:00:00+05:30,2025-10-27 08:00:00+05:30,2025-10-29 08:00:00+05:30,1747.2,1697.74,1697.74,1846.1200000000001,57,-2819.220000000002,SL,CHOLAFIN
VOLATILITY_BREAKOUT,2025-10-27 08:00:00+05:30,2025-10-27 12:00:00+05:30,2025-11-06 08:00:00+05:30,4299.8,4261.8,4175.6900000000005,4548.02,23,-874.0,CLOSE_BELOW_EMA_FAST,CUMMINSIND
VOLATILITY_BREAKOUT,2025-10-28 08:00:00+05:30,2025-10-28 12:00:00+05:30,2025-11-24 12:00:00+05:30,1934.1,2038.5,1881.8999999999999,2038.5,51,5324.400000000005,TARGET,SBILIFE
VOLATILITY_BREAKOUT,2025-10-28 12:00:00+05:30,2025-10-29 08:00:00+05:30,2025-11-04 08:00:00+05:30,3988.0,3940.3,3905.24,4153.52,25,-1192.4999999999955,CLOSE_BELOW_EMA_FAST,LT
VWLM,2025-10-29 08:00:00+05:30,2025-10-29 12:00:00+05:30,2025-11-06 08:00:00+05:30,1080.7,1054.06,1054.06,1133.98,92,-2450.880000000009,SL,JINDALSTEL
VOLATILITY_BREAKOUT,2025-10-29 08:00:00+05:30,2025-10-29 12:00:00+05:30,2025-11-04 08:00:00+05:30,185.47,180.505,180.505,195.4,539,-2676.135000000002,SL,TATASTEEL
VOLATILITY_BREAKOUT,2025-10-29 08:00:00+05:30,2025-10-29 12:00:00+05:30,2025-11-10 08:00:00+05:30,479.75,467.15,463.94,511.37,208,-2620.8000000000047,CLOSE_BELOW_EMA_FAST,VBL
VOLATILITY_BREAKOUT,2025-10-29 12:00:00+05:30,2025-10-30 08:00:00+05:30,2025-11-12 12:00:00+05:30,380.0,400.66,369.67,400.66,263,5433.580000000006,TARGET,BIOCON
VOLATILITY_BREAKOUT,2025-10-30 08:00:00+05:30,2025-10-30 12:00:00+05:30,2025-11-18 08:00:00+05:30,94.92,100.20200000000001,92.279,100.20200000000001,1053,5561.946000000011,TARGET,GMRAIRPORT
VOLATILITY_BREAKOUT,2025-10-30 08:00:00+05:30,2025-10-30 12:00:00+05:30,2025-11-11 08:00:00+05:30,1761.5,1765.0,1704.3,1875.9,56,196.0,CLOSE_BELOW_EMA_FAST,OBEROIRLTY
VOLATILITY_BREAKOUT,2025-10-30 12:00:00+05:30,2025-10-31 08:00:00+05:30,2025-11-11 08:00:00+05:30,261.29,278.696,252.58700000000002,278.696,382,6649.092000000002,TARGET,BHEL
VOLATILITY_BREAKOUT,2025-10-31 08:00:00+05:30,2025-10-31 12:00:00+05:30,2025-11-07 08:00:00+05:30,81.85,78.798,78.798,87.954,1221,-3726.4919999999906,SL,IDFCFIRSTB
VOLATILITY_BREAKOUT,2025-10-31 12:00:00+05:30,2025-11-03 08:00:00+05:30,2025-11-07 12:00:00+05:30,6738.0,6607.0,6561.65,7090.7,14,-1834.0,CLOSE_BELOW_EMA_FAST,DIVISLAB
VOLATILITY_BREAKOUT,2025-11-03 08:00:00+05:30,2025-11-03 12:00:00+05:30,2025-11-12 12:00:00+05:30,1730.8,1731.9,1674.04,1844.32,57,62.700000000007776,CLOSE_BELOW_EMA_FAST,PHOENIXLTD
VOLATILITY_BREAKOUT,2025-11-03 08:00:00+05:30,2025-11-03 12:00:00+05:30,2025-11-06 08:00:00+05:30,1910.0,1841.1,1841.1,2047.8,52,-3582.8000000000047,SL,MCX
VOLATILITY_BREAKOUT,2025-11-03 08:00:00+05:30,2025-11-03 12:00:00+05:30,2025-11-26 08:00:00+05:30,786.2,845.1600000000001,756.72,845.1600000000001,127,7487.920000000005,TARGET,SHRIRAMFIN
VOLATILITY_BREAKOUT,2025-11-03 08:00:00+05:30,2025-11-03 12:00:00+05:30,2025-11-21 08:00:00+05:30,884.0,865.35,849.98,952.04,113,-2107.4499999999975,CLOSE_BELOW_EMA_FAST,INDIANB
VOLATILITY_BREAKOUT,2025-11-03 12:00:00+05:30,2025-11-04 08:00:00+05:30,2025-11-04 08:00:00+05:30,1199.8,1165.1399999999999,1165.1399999999999,1269.12,83,-2876.780000000007,SL,TATACONSUM
VOLATILITY_BREAKOUT,2025-11-04 08:00:00+05:30,2025-11-04 12:00:00+05:30,2025-11-25 12:00:00+05:30,3815.4,3847.1,3719.09,4008.0200000000004,26,824.1999999999953,CLOSE_BELOW_EMA_FAST,TITAN
VOLATILITY_BREAKOUT,2025-11-04 08:00:00+05:30,2025-11-04 12:00:00+05:30,2025-11-07 08:00:00+05:30,525.55,508.82499999999993,508.82499999999993,559.0,190,-3177.7500000000045,SL,KALYANKJIL
VOLATILITY_BREAKOUT,2025-11-04 08:00:00+05:30,2025-11-04 12:00:00+05:30,2025-11-07 08:00:00+05:30,60.74,58.466,58.466,65.288,1646,-3743.0040000000017,SL,SUZLON
VOLATILITY_BREAKOUT,2025-11-04 12:00:00+05:30,2025-11-06 08:00:00+05:30,2025-11-07 08:00:00+05:30,969.65,947.995,947.995,1012.9599999999999,103,-2230.4649999999974,SL,SBIN
VOLATILITY_BREAKOUT,2025-11-07 12:00:00+05:30,2025-11-10 08:00:00+05:30,2025-11-17 12:00:00+05:30,262.2,283.97999999999996,251.31,283.97999999999996,381,8298.17999999999,TARGET,ANGELONE
VOLATILITY_BREAKOUT,2025-11-07 12:00:00+05:30,2025-11-10 08:00:00+05:30,2025-11-19 12:00:00+05:30,750.05,751.65,724.31,801.5299999999999,133,212.80000000000302,CLOSE_BELOW_EMA_FAST,UPL
VOLATILITY_BREAKOUT,2025-11-10 08:00:00+05:30,2025-11-10 12:00:00+05:30,2025-11-21 08:00:00+05:30,253.6,253.56,243.995,272.81,394,-15.759999999996865,CLOSE_BELOW_EMA_FAST,NATIONALUM
VOLATILITY_BREAKOUT,2025-11-10 08:00:00+05:30,2025-11-10 12:00:00+05:30,2025-11-12 12:00:00+05:30,2655.9,2781.0600000000004,2593.32,2781.0600000000004,37,4630.920000000011,TARGET,ASIANPAINT
VOLATILITY_BREAKOUT,2025-11-11 08:00:00+05:30,2025-11-11 12:00:00+05:30,2025-11-24 12:00:00+05:30,285.35,277.55,273.55600000000004,308.93800000000005,350,-2730.000000000004,CLOSE_BELOW_EMA_FAST,BHEL
VOLATILITY_BREAKOUT,2025-11-11 12:00:00+05:30,2025-11-12 08:00:00+05:30,2025-11-12 12:00:00+05:30,147.47,143.28,143.28,155.85,678,-2840.8199999999983,SL,ASHOKLEY
VOLATILITY_BREAKOUT,2025-11-12 08:00:00+05:30,2025-11-12 12:00:00+05:30,2025-11-21 08:00:00+05:30,1709.2,1650.51,1650.51,1826.5800000000002,58,-3404.020000000003,SL,MFSL
VOLATILITY_BREAKOUT,2025-11-12 12:00:00+05:30,2025-11-13 08:00:00+05:30,2025-11-20 08:00:00+05:30,407.15,393.17999999999995,393.17999999999995,435.09,245,-3422.650000000007,SL,BIOCON
VOLATILITY_BREAKOUT,2025-11-12 12:00:00+05:30,2025-11-13 08:00:00+05:30,2025-12-01 08:00:00+05:30,2858.9,2857.6,2780.29,3016.1200000000003,34,-44.200000000006185,CLOSE_BELOW_EMA_FAST,ASIANPAINT
VOLATILITY_BREAKOUT,2025-11-13 08:00:00+05:30,2025-11-13 12:00:00+05:30,2025-11-18 08:00:00+05:30,533.4,514.54,514.54,571.12,187,-3526.8200000000024,SL,VEDL
VOLATILITY_BREAKOUT,2025-11-13 08:00:00+05:30,2025-11-13 12:00:00+05:30,2025-11-19 08:00:00+05:30,151.19,145.966,145.966,161.638,661,-3453.063999999993,SL,ASHOKLEY
VOLATILITY_BREAKOUT,2025-11-13 12:00:00+05:30,2025-11-14 08:00:00+05:30,2025-11-24 12:00:00+05:30,111.31,109.2,107.016,119.898,898,-1894.7799999999995,CLOSE_BELOW_EMA_FAST,MOTHERSON
VOLATILITY_BREAKOUT,2025-11-17 08:00:00+05:30,2025-11-17 12:00:00+05:30,2025-11-21 08:00:00+05:30,149.56,145.08700000000002,145.08700000000002,158.50599999999997,668,-2987.96399999999,SL,CANBK
VOLATILITY_BREAKOUT,2025-11-18 08:00:00+05:30,2025-11-18 12:00:00+05:30,2025-11-28 08:00:00+05:30,102.1,108.91,98.695,108.91,979,6666.9900000000025,TARGET,GMRAIRPORT
VOLATILITY_BREAKOUT,2025-11-18 08:00:00+05:30,2025-11-18 12:00:00+05:30,2025-12-01 08:00:00+05:30,1264.9,1270.7,1240.41,1313.88,79,458.1999999999964,CLOSE_BELOW_EMA_FAST,AXISBANK
VOLATILITY_BREAKOUT,2025-11-19 08:00:00+05:30,2025-11-19 12:00:00+05:30,2025-12-02 08:00:00+05:30,1420.2,1413.7,1366.15,1528.3000000000002,70,-455.0,CLOSE_BELOW_EMA_FAST,BHARATFORG
VOLATILITY_BREAKOUT,2025-11-19 12:00:00+05:30,2025-11-20 08:00:00+05:30,2025-12-08 08:00:00+05:30,1790.0,1799.1,1751.07,1867.86,55,500.499999999995,CLOSE_BELOW_EMA_FAST,SUNPHARMA
VOLATILITY_BREAKOUT,2025-11-20 08:00:00+05:30,2025-11-20 12:00:00+05:30,2025-11-21 12:00:00+05:30,22330.0,21525.2,21525.2,23939.6,4,-3219.199999999997,SL,POWERINDIA
VOLATILITY_BREAKOUT,2025-11-20 08:00:00+05:30,2025-11-20 12:00:00+05:30,2025-12-05 08:00:00+05:30,6014.0,6368.1,5836.95,6368.1,16,5665.600000000006,TARGET,HEROMOTOCO
VOLATILITY_BREAKOUT,2025-11-20 12:00:00+05:30,2025-11-21 08:00:00+05:30,2025-11-25 08:00:00+05:30,1003.1,995.65,985.72,1037.86,99,-737.5500000000045,CLOSE_BELOW_EMA_FAST,HDFCBANK
VWLM,2025-11-21 08:00:00+05:30,2025-11-21 12:00:00+05:30,2025-11-25 08:00:00+05:30,1145.6,1113.6274999999998,1113.6274999999998,1209.5449999999998,87,-2781.6075000000073,SL,360ONE
VOLATILITY_BREAKOUT,2025-11-21 08:00:00+05:30,2025-11-21 12:00:00+05:30,2025-12-03 12:00:00+05:30,1145.6,1151.0,1102.9699999999998,1230.86,87,469.8000000000079,CLOSE_BELOW_EMA_FAST,360ONE
VWLM,2025-11-28 08:00:00+05:30,2025-11-28 12:00:00+05:30,2025-12-03 08:00:00+05:30,485.65,476.33875,476.33875,504.2725,205,-1908.8062499999944,SL,VBL
VWLM,2025-12-12 12:00:00+05:30,2025-12-15 08:00:00+05:30,2025-12-16 12:00:00+05:30,2836.7,2793.41,2793.41,2923.2799999999997,35,-1515.1499999999987,SL,GRASIM
VOLATILITY_BREAKOUT,2025-12-18 12:00:00+05:30,2025-12-19 08:00:00+05:30,2026-01-01 08:00:00+05:30,172.08,181.63000000000002,167.305,181.63000000000002,581,5548.550000000007,TARGET,ASHOKLEY
VOLATILITY_BREAKOUT,2025-12-22 08:00:00+05:30,2025-12-22 12:00:00+05:30,2025-12-26 08:00:00+05:30,265.5,259.865,259.865,276.77,376,-2118.7599999999966,SL,WIPRO
VOLATILITY_BREAKOUT,2025-12-24 08:00:00+05:30,2025-12-24 12:00:00+05:30,2025-12-30 12:00:00+05:30,297.55,318.25000000000006,287.2,318.25000000000006,336,6955.200000000015,TARGET,NATIONALUM
VOLATILITY_BREAKOUT,2025-12-24 08:00:00+05:30,2025-12-24 12:00:00+05:30,2026-01-08 12:00:00+05:30,313.5,308.5,303.905,332.69,318,-1590.0,CLOSE_BELOW_EMA_FAST,MANAPPURAM
VOLATILITY_BREAKOUT,2025-12-26 08:00:00+05:30,2025-12-26 12:00:00+05:30,2026-01-05 12:00:00+05:30,120.51,119.62,115.635,130.26000000000002,829,-737.8100000000005,CLOSE_BELOW_EMA_FAST,NBCC
VWLM,2025-12-30 12:00:00+05:30,2025-12-31 08:00:00+05:30,2025-12-31 08:00:00+05:30,6499.5,6391.5,6371.7375,6755.025,15,-1620.0,EMA_REVERSAL,DIVISLAB
VWLM,2026-01-01 08:00:00+05:30,2026-01-01 12:00:00+05:30,2026-01-09 12:00:00+05:30,3747.2,3691.1299999999997,3691.1299999999997,3859.3399999999997,26,-1457.8200000000043,SL,M&M
VWLM,2026-01-01 12:00:00+05:30,2026-01-02 08:00:00+05:30,2026-01-06 08:00:00+05:30,365.2,379.3375,358.13124999999997,379.3375,273,3859.5374999999967,TARGET,PFC
VOLATILITY_BREAKOUT,2026-01-02 08:00:00+05:30,2026-01-02 12:00:00+05:30,2026-01-08 12:00:00+05:30,382.95,371.56,371.56,405.73,261,-2972.7899999999963,SL,RECLTD
VOLATILITY_BREAKOUT,2026-01-02 08:00:00+05:30,2026-01-02 12:00:00+05:30,2026-01-13 08:00:00+05:30,1442.5,1446.4,1397.24,1533.02,69,269.1000000000063,CLOSE_BELOW_EMA_FAST,VOLTAS
VOLATILITY_BREAKOUT,2026-01-02 08:00:00+05:30,2026-01-02 12:00:00+05:30,2026-01-08 12:00:00+05:30,377.25,366.90999999999997,366.90999999999997,397.93,265,-2740.1000000000085,SL,PFC
VOLATILITY_BREAKOUT,2026-01-02 08:00:00+05:30,2026-01-02 12:00:00+05:30,2026-01-07 08:00:00+05:30,326.9,353.94,313.38,353.94,305,8247.200000000006,TARGET,NATIONALUM
VOLATILITY_BREAKOUT,2026-01-02 08:00:00+05:30,2026-01-02 12:00:00+05:30,2026-01-08 08:00:00+05:30,1309.8,1286.8,1269.74,1389.92,76,-1748.0,CLOSE_BELOW_EMA_FAST,UNOMINDA
VOLATILITY_BREAKOUT,2026-01-02 08:00:00+05:30,2026-01-02 12:00:00+05:30,2026-01-07 12:00:00+05:30,442.85,428.45,426.65000000000003,475.25000000000006,225,-3240.0000000000077,CLOSE_BELOW_EMA_FAST,INDUSTOWER
VWLM,2026-01-02 08:00:00+05:30,2026-01-02 12:00:00+05:30,2026-01-08 08:00:00+05:30,858.55,840.71875,840.71875,894.2125,116,-2068.4249999999947,SL,INDIANB
VOLATILITY_BREAKOUT,2026-01-02 08:00:00+05:30,2026-01-02 12:00:00+05:30,2026-01-16 08:00:00+05:30,188.82,184.53,183.183,200.094,529,-2269.4099999999958,CLOSE_BELOW_EMA_FAST,ASHOKLEY
VOLATILITY_BREAKOUT,2026-01-02 08:00:00+05:30,2026-01-02 12:00:00+05:30,2026-01-08 08:00:00+05:30,858.55,834.775,834.775,906.0999999999999,116,-2757.8999999999974,SL,INDIANB
VOLATILITY_BREAKOUT,2026-01-02 08:00:00+05:30,2026-01-02 12:00:00+05:30,2026-01-14 08:00:00+05:30,415.75,436.73,405.26,436.73,240,5035.200000000004,TARGET,COALINDIA
VOLATILITY_BREAKOUT,2026-01-02 12:00:00+05:30,2026-01-05 08:00:00+05:30,2026-01-06 08:00:00+05:30,232.0,224.464,224.464,247.07199999999997,431,-3248.0160000000005,SL,HUDCO
VOLATILITY_BREAKOUT,2026-01-02 12:00:00+05:30,2026-01-05 08:00:00+05:30,2026-01-06 08:00:00+05:30,291.05,284.205,284.205,304.74,343,-2347.835000000009,SL,PETRONET
VOLATILITY_BREAKOUT,2026-01-05 08:00:00+05:30,2026-01-05 12:00:00+05:30,2026-01-08 08:00:00+05:30,520.4,506.255,506.255,548.6899999999999,192,-2715.8399999999965,SL,JSWENERGY
VOLATILITY_BREAKOUT,2026-01-05 08:00:00+05:30,2026-01-05 12:00:00+05:30,2026-01-09 08:00:00+05:30,1312.0,1292.4,1283.52,1368.96,76,-1489.599999999993,CLOSE_BELOW_EMA_FAST,NESTLEIND
VOLATILITY_BREAKOUT,2026-01-05 08:00:00+05:30,2026-01-05 12:00:00+05:30,2026-01-09 08:00:00+05:30,629.6,603.85,603.85,681.1,158,-4068.5,SL,PGEL
VOLATILITY_BREAKOUT,2026-01-05 08:00:00+05:30,2026-01-05 12:00:00+05:30,2026-01-14 12:00:00+05:30,162.4,170.46400000000003,158.368,170.46400000000003,615,4959.360000000013,TARGET,UNIONBANK
VOLATILITY_BREAKOUT,2026-01-05 08:00:00+05:30,2026-01-05 12:00:00+05:30,2026-01-12 08:00:00+05:30,1920.0,1872.79,1872.79,2014.42,52,-2454.920000000002,SL,PHOENIXLTD
VOLATILITY_BREAKOUT,2026-01-06 08:00:00+05:30,2026-01-06 12:00:00+05:30,2026-01-08 08:00:00+05:30,152.8,148.514,148.514,161.37200000000004,654,-2803.044000000001,SL,BANKINDIA
VOLATILITY_BREAKOUT,2026-01-06 08:00:00+05:30,2026-01-06 12:00:00+05:30,2026-01-12 08:00:00+05:30,9741.0,9490.15,9490.15,10242.7,10,-2508.5000000000036,SL,BAJAJ-AUTO
VOLATILITY_BREAKOUT,2026-01-06 08:00:00+05:30,2026-01-06 12:00:00+05:30,2026-01-08 08:00:00+05:30,293.4,285.72499999999997,285.72499999999997,308.75,340,-2609.5000000000036,SL,PETRONET
VOLATILITY_BREAKOUT,2026-01-06 12:00:00+05:30,2026-01-07 08:00:00+05:30,2026-01-08 08:00:00+05:30,2416.0,2372.76,2372.76,2502.48,41,-1772.839999999991,SL,HINDUNILVR
VOLATILITY_BREAKOUT,2026-01-06 12:00:00+05:30,2026-01-07 08:00:00+05:30,2026-01-08 08:00:00+05:30,6200.0,6070.15,6070.15,6459.7,16,-2077.600000000006,SL,BRITANNIA
VOLATILITY_BREAKOUT,2026-01-06 12:00:00+05:30,2026-01-07 08:00:00+05:30,2026-01-12 08:00:00+05:30,6680.0,6502.8,6502.8,7034.4,14,-2480.7999999999975,SL,DIVISLAB
VOLATILITY_BREAKOUT,2026-01-06 12:00:00+05:30,2026-01-07 08:00:00+05:30,2026-01-08 08:00:00+05:30,1503.9,1472.8600000000001,1472.8600000000001,1565.9800000000002,66,-2048.6399999999976,SL,HAVELLS
VOLATILITY_BREAKOUT,2026-01-06 12:00:00+05:30,2026-01-07 08:00:00+05:30,2026-01-09 12:00:00+05:30,500.0,488.0,486.62,526.76,200,-2400.0,CLOSE_BELOW_EMA_FAST,VBL
VWLM,2026-01-06 12:00:00+05:30,2026-01-07 08:00:00+05:30,2026-01-09 08:00:00+05:30,6680.0,6547.1,6547.1,6945.8,14,-1860.599999999995,SL,DIVISLAB
VOLATILITY_BREAKOUT,2026-01-13 12:00:00+05:30,2026-01-14 08:00:00+05:30,2026-01-20 08:00:00+05:30,449.8,432.1,432.1,485.2,222,-3929.3999999999974,SL,OIL
VOLATILITY_BREAKOUT,2026-01-13 12:00:00+05:30,2026-01-14 08:00:00+05:30,2026-01-23 12:00:00+05:30,1030.0,1028.4,1007.035,1075.93,97,-155.19999999999118,CLOSE_BELOW_EMA_FAST,SBIN
VOLATILITY_BREAKOUT,2026-01-14 08:00:00+05:30,2026-01-14 12:00:00+05:30,2026-01-20 08:00:00+05:30,940.75,918.5,905.6899999999999,1010.87,106,-2358.5,CLOSE_BELOW_EMA_FAST,INDUSINDBK
VOLATILITY_BREAKOUT,2026-01-14 08:00:00+05:30,2026-01-14 12:00:00+05:30,2026-01-16 08:00:00+05:30,244.45,236.89999999999998,236.89999999999998,259.55,409,-3087.950000000005,SL,ONGC
VOLATILITY_BREAKOUT,2026-01-14 08:00:00+05:30,2026-01-14 12:00:00+05:30,2026-01-28 08:00:00+05:30,669.6,717.6,645.6,717.6,149,7152.0,TARGET,VEDL
VWLM,2026-01-14 08:00:00+05:30,2026-01-14 12:00:00+05:30,2026-01-16 08:00:00+05:30,244.45,238.7875,238.7875,255.77499999999998,409,-2315.962499999998,SL,ONGC
VOLATILITY_BREAKOUT,2026-01-14 08:00:00+05:30,2026-01-14 12:00:00+05:30,2026-01-20 12:00:00+05:30,189.39,183.379,183.379,201.41199999999998,528,-3173.8079999999977,SL,TATASTEEL
VOLATILITY_BREAKOUT,2026-01-14 08:00:00+05:30,2026-01-14 12:00:00+05:30,2026-01-21 12:00:00+05:30,2379.0,2336.0,2274.8,2587.4,42,-1806.0,CLOSE_BELOW_EMA_FAST,MCX
VOLATILITY_BREAKOUT,2026-01-14 12:00:00+05:30,2026-01-16 08:00:00+05:30,2026-01-21 08:00:00+05:30,179.25,172.005,172.005,193.74,557,-4035.4650000000024,SL,UNIONBANK
VOLATILITY_BREAKOUT,2026-01-16 08:00:00+05:30,2026-01-16 12:00:00+05:30,2026-01-19 08:00:00+05:30,23.61,22.794,22.794,25.242,4235,-3455.7599999999957,SL,YESBANK
VOLATILITY_BREAKOUT,2026-01-16 12:00:00+05:30,2026-01-19 08:00:00+05:30,2026-01-20 12:00:00+05:30,12350.0,12002.7,12002.7,13044.6,8,-2778.399999999994,SL,ULTRACEMCO
VWLM,2026-01-19 12:00:00+05:30,2026-01-20 08:00:00+05:30,2026-01-21 08:00:00+05:30,278.0,269.10875,269.10875,295.78249999999997,359,-3191.958750000005,SL,FEDERALBNK
VWLM,2026-01-28 12:00:00+05:30,2026-01-29 08:00:00+05:30,2026-01-29 12:00:00+05:30,1583.6,1531.9174999999998,1531.9174999999998,1686.965,63,-3255.9975000000077,SL,BDL
VWLM,2026-01-30 08:00:00+05:30,2026-01-30 12:00:00+05:30,2026-02-01 08:00:00+05:30,5565.0,5387.1,5387.1,5920.8,17,-3024.299999999994,SL,ABB
VWLM,2026-02-03 08:00:00+05:30,2026-02-03 12:00:00+05:30,2026-02-09 08:00:00+05:30,3241.5,3125.61,3125.61,3473.28,30,-3476.699999999996,SL,SIEMENS
VWLM,2026-02-04 08:00:00+05:30,2026-02-04 12:00:00+05:30,2026-03-02 08:00:00+05:30,1544.0,1482.2225,1482.2225,1667.555,64,-3953.7599999999948,SL,ADANIPORTS
VWLM,2026-02-06 08:00:00+05:30,2026-02-06 12:00:00+05:30,2026-02-20 08:00:00+05:30,275.24,265.60925000000003,265.60925000000003,294.5015,363,-3495.962249999992,SL,NYKAA
VWLM,2026-02-09 12:00:00+05:30,2026-02-10 08:00:00+05:30,2026-03-02 08:00:00+05:30,264.0,253.7745,253.7745,284.451,378,-3865.239000000004,SL,CROMPTON
VOLATILITY_BREAKOUT,2026-02-10 08:00:00+05:30,2026-02-10 12:00:00+05:30,2026-02-20 12:00:00+05:30,127.46,128.8,120.863,140.654,784,1050.5600000000138,CLOSE_BELOW_EMA_FAST,MOTHERSON
VOLATILITY_BREAKOUT,2026-02-11 08:00:00+05:30,2026-02-11 12:00:00+05:30,2026-02-11 12:00:00+05:30,214.1,205.077,205.077,232.146,467,-4213.740999999998,SL,ASHOKLEY
VOLATILITY_BREAKOUT,2026-02-11 08:00:00+05:30,2026-02-11 12:00:00+05:30,2026-03-04 08:00:00+05:30,7562.5,7497.5,7315.6,8056.3,13,-845.0,CLOSE_BELOW_EMA_FAST,APOLLOHOSP
VOLATILITY_BREAKOUT,2026-02-11 08:00:00+05:30,2026-02-11 12:00:00+05:30,2026-02-24 12:00:00+05:30,169.38,181.84199999999998,163.149,181.84199999999998,590,7352.579999999994,TARGET,BANDHANBNK
VOLATILITY_BREAKOUT,2026-02-11 12:00:00+05:30,2026-02-12 08:00:00+05:30,2026-02-24 12:00:00+05:30,1676.0,1854.72,1586.6399999999999,1854.72,59,10544.480000000001,TARGET,BHARATFORG
VOLATILITY_BREAKOUT,2026-02-12 08:00:00+05:30,2026-02-12 12:00:00+05:30,2026-02-27 12:00:00+05:30,1785.5,1822.0,1719.55,1917.4,56,2044.0,CLOSE_BELOW_EMA_FAST,MFSL
VOLATILITY_BREAKOUT,2026-02-12 08:00:00+05:30,2026-02-12 12:00:00+05:30,2026-02-16 12:00:00+05:30,2294.6,2223.21,2223.21,2437.38,43,-3069.7699999999945,SL,APLAPOLLO
VWLM,2026-02-12 12:00:00+05:30,2026-02-13 08:00:00+05:30,2026-03-02 08:00:00+05:30,1391.1,1357.9424999999999,1357.9424999999999,1457.415,71,-2354.1825000000017,SL,HAVELLS
VOLATILITY_BREAKOUT,2026-02-12 12:00:00+05:30,2026-02-13 08:00:00+05:30,2026-02-17 08:00:00+05:30,1425.3,1402.1,1389.75,1496.4,70,-1624.0000000000032,CLOSE_BELOW_EMA_FAST,ICICIBANK
VWLM,2026-02-16 08:00:00+05:30,2026-02-16 12:00:00+05:30,2026-03-02 08:00:00+05:30,1208.4,1179.96,1179.96,1265.2800000000002,82,-2332.0800000000045,SL,GODREJCP
VOLATILITY_BREAKOUT,2026-02-16 12:00:00+05:30,2026-02-17 08:00:00+05:30,2026-03-04 08:00:00+05:30,1639.8,1645.8,1582.57,1754.26,60,360.0,CLOSE_BELOW_EMA_FAST,ASTRAL
VOLATILITY_BREAKOUT,2026-02-16 12:00:00+05:30,2026-02-17 08:00:00+05:30,2026-02-24 08:00:00+05:30,273.0,261.79,259.21500000000003,300.57,366,-4102.859999999992,CLOSE_BELOW_EMA_FAST,CROMPTON
VOLATILITY_BREAKOUT,2026-02-17 08:00:00+05:30,2026-02-17 12:00:00+05:30,2026-02-19 08:00:00+05:30,319.95,339.09999999999997,310.375,339.09999999999997,312,5974.799999999993,TARGET,RBLBANK
VOLATILITY_BREAKOUT,2026-02-17 12:00:00+05:30,2026-02-18 08:00:00+05:30,2026-02-19 12:00:00+05:30,1019.0,973.07,973.07,1110.86,98,-4501.139999999995,SL,ADANIGREEN
VOLATILITY_BREAKOUT,2026-02-18 08:00:00+05:30,2026-02-18 12:00:00+05:30,2026-02-27 08:00:00+05:30,791.85,790.15,773.995,827.5600000000001,126,-214.20000000000573,CLOSE_BELOW_EMA_FAST,MARICO
VOLATILITY_BREAKOUT,2026-02-18 08:00:00+05:30,2026-02-18 12:00:00+05:30,2026-03-04 08:00:00+05:30,4767.0,4650.6,4573.76,5153.48,20,-2327.9999999999927,CLOSE_BELOW_EMA_FAST,CUMMINSIND
VOLATILITY_BREAKOUT,2026-02-18 12:00:00+05:30,2026-02-19 08:00:00+05:30,2026-02-19 12:00:00+05:30,9991.0,9755.55,9755.55,10461.9,10,-2354.5000000000073,SL,BAJAJ-AUTO
VOLATILITY_BREAKOUT,2026-02-23 08:00:00+05:30,2026-02-23 12:00:00+05:30,2026-02-25 08:00:00+05:30,7955.5,8339.9,7763.3,8339.9,12,4612.799999999996,TARGET,POLYCAB
VWLM,2026-02-24 12:00:00+05:30,2026-02-25 08:00:00+05:30,2026-02-25 08:00:00+05:30,699.35,673.265,673.265,751.52,142,-3704.070000000005,SL,PREMIERENE
VWLM,2026-02-26 12:00:00+05:30,2026-02-27 08:00:00+05:30,2026-03-02 08:00:00+05:30,2261.1,2206.2825,2206.2825,2370.735,44,-2411.970000000005,SL,MANKIND
